GroupId,GroupName,Type,IpProtocol,FromPort,ToPort,IpRanges,Ipv6Ranges,PrefixListIds,UserIdGroupPairs
sg-036ded61378c55aef,default,Inbound/Ingress,tcp,5432,5432,,,,sg-032ad7ff5bbcafb2e
sg-036ded61378c55aef,default,Outbound/Egress,"'-1",,,0.0.0.0/0 (Default outbound rule),,,
sg-032ad7ff5bbcafb2e,WeatherETLSC,Inbound/Ingress,tcp,5432,5432,0.0.0.0/0,,,
sg-032ad7ff5bbcafb2e,WeatherETLSC,Outbound/Egress,"'-1",,,0.0.0.0/0,,,
sg-08f2a94670d11d17b,WeatherETL-PostgreSQL-SG,Inbound/Ingress,tcp,5432,5432,0.0.0.0/0 (PostgreSQL access for Lambda),,,
sg-08f2a94670d11d17b,WeatherETL-PostgreSQL-SG,Inbound/Ingress,tcp,5432,5432,,::/0 (Backup For IPV6),,
sg-08f2a94670d11d17b,WeatherETL-PostgreSQL-SG,Inbound/Ingress,tcp,22,22,0.0.0.0/0 (SSH access for management),,,
sg-08f2a94670d11d17b,WeatherETL-PostgreSQL-SG,Outbound/Egress,"'-1",,,0.0.0.0/0,,,